date,open,high,low,close,volume,return_1d,log_return,volatility_20d_ann,ma_gap_20_60,drawdown_126d,hmm_state,hmm_label,hmm_label_code,prob_bear,prob_neutral,prob_bull,smooth_prob_bear_3,smooth_prob_neutral_3,smooth_prob_bull_3,state_mean_daily_return,state_ann_return,state_ann_vol,state_sharpe,state_count,model_loglik,target_label_plus_1_steps,target_code_plus_1_steps
2012-06-29,106.3194438,107.160883,106.0442157,107.0271988,212250900,0.02492684166,0.02462123605,0.1858730975,-0.0137757883,-0.03549665882,1,Bear,0,0.9991459082,0.0008540908798,9.677777699e-10,0.9991459082,0.0008540908798,9.677777699e-10,6.04227893e-05,0.01534305733,0.150859613,0.1017042071,157,-1621.642198,Neutral,1
2012-07-30,108.9302328,109.5750634,108.7336363,109.0560455,106782000,0,0,0.1411531525,0.0170058582,-0.01721318058,1,Neutral,1,6.4293573e-06,0.9489570895,0.05103648116,0.4995761688,0.4749055902,0.02551824106,0.0002842460818,0.07425780868,0.1513690602,0.4905745506,178,-1606.612876,Bull,2
2012-08-27,111.5803624,111.7297777,111.1478475,111.3051224,68785900,0.0002119170755,0.0002118946242,0.09406008746,0.03019437243,-0.00457137539,2,Bull,2,1.435513382e-14,3.523009579e-06,0.999996477,0.3330507792,0.3166049011,0.3503443197,0.001061204071,0.3065935747,0.1000956645,3.063005538,202,-1536.652363,Bull,2
2012-09-25,115.3937284,115.6150911,113.8916105,113.9232407,133165200,-0.0106413316,-0.01069835547,0.1091937929,0.02831563017,-0.01610087753,2,Bull,2,7.01550646e-09,0.1371659673,0.8628340257,2.145457607e-06,0.3620421933,0.6379556613,0.001444368896,0.4390468171,0.090821933,4.834149667,146,-1423.391129,Bear,0
2012-10-23,112.1523024,112.3104169,111.3380015,111.8044434,192056300,-0.01387598567,-0.01397315711,0.1172889388,0.01285417539,-0.03439989004,1,Bear,0,0.9999783388,2.16612091e-05,2.8785402e-11,0.3333261153,0.04573038383,0.6209435009,-2.412572529e-05,-0.006061238897,0.1391810582,-0.04354930892,216,-1421.02023,Bear,0
2012-11-23,110.7845934,111.7886269,110.7134317,111.7491074,65409200,0.01362533303,0.01353334284,0.1525862832,-0.02009149577,-0.0348777999,1,Bear,0,0.9999929682,7.031761972e-06,1.909140957e-12,0.6666571047,0.04573155341,0.2876113419,-9.811713301e-05,-0.02442234574,0.1558671564,-0.1566869269,199,-1445.666678,Bear,0
2012-12-21,113.1945518,114.7232381,113.0114311,113.6881866,245883800,-0.009077102706,-0.009118550611,0.09502808805,0.002763703377,-0.01813092371,1,Bear,0,0.9908730961,1.01003017e-06,0.009125893892,0.9969481344,9.901000415e-06,0.003041964641,-3.37740568e-05,-0.008474945759,0.1485551819,-0.05704914261,215,-1445.694778,Bull,2
2013-01-23,118.7360535,119.0306404,118.5210783,118.9271317,104596100,0.00160933282,0.001608039231,0.1239546995,0.02568320965,0,2,Bull,2,0.000151193036,1.290679992e-11,0.999848807,0.6636724191,2.680601683e-06,0.3363249003,0.001019213417,0.2928405586,0.1009593554,2.900578728,181,-1494.197084,Bull,2
2013-02-21,120.1930881,120.5593294,119.3809693,119.7631378,183257000,-0.006078665545,-0.006097215845,0.09565461299,0.03327489203,-0.01846616897,2,Bull,2,0.0001063310185,9.234417661e-12,0.999893669,0.3303768734,3.366841036e-07,0.6696227899,0.0007931757041,0.2212565374,0.1000394526,2.211692804,182,-1501.067133,Bull,2
2013-03-21,123.7665586,124.4703268,123.2387445,123.4466705,128605000,-0.008542560072,-0.008579256877,0.1137849216,0.02501592868,-0.0107417449,2,Bull,2,7.251275255e-12,0.0002872603195,0.9997127397,8.584135391e-05,9.575344721e-05,0.9998184052,0.001098991989,0.319095113,0.09429584579,3.383978481,183,-1441.091699,Bear,0
2013-04-19,123.5586804,124.398402,123.2547781,124.3424149,149687600,0.008693070498,0.00865550332,0.147939453,0.0188661327,-0.02330597363,1,Bear,0,0.9995280651,2.02493835e-06,0.0004699099533,0.3332114654,9.642842235e-05,0.6666921062,-0.0001467870024,-0.03631454067,0.1559299929,-0.2328900296,203,-1390.94391,Bull,2
2013-05-17,132.7155999,133.5873054,132.5396578,133.5073395,129801000,0.009676676342,0.00963015717,0.08368964453,0.02749288468,0,2,Bull,2,9.453225922e-06,1.718539519e-14,0.9999905468,0.3331791728,9.642841928e-05,0.6667243988,0.001536128674,0.4727102721,0.08968683102,5.270676494,194,-1365.377968,Neutral,1
2013-06-17,131.3880894,132.1318472,130.5323817,131.5080566,136295600,0.007722215389,0.007692551698,0.1339216647,0.02314573829,-0.01633036553,1,Neutral,1,1.027232554e-06,0.9227785519,0.07722042086,0.3331795152,0.3075935256,0.3592269592,0.0001435810591,0.03684497765,0.1558523722,0.236409476,197,-1346.524257,Neutral,1
2013-07-16,135.2750405,135.3554419,134.3183332,134.6801147,88702100,-0.003746449609,-0.003753485129,0.1507981937,0.002524508913,-0.003746449609,1,Neutral,1,4.872649578e-06,0.9999947638,3.635005255e-07,5.117702684e-06,0.6409244386,0.3590704437,0.0004651745996,0.1243712596,0.1436472878,0.8658100097,200,-1348.722647,Bull,2
2013-08-13,136.1996069,136.5935416,135.3956425,136.3603973,80806000,0.002956621147,0.002952258939,0.06122753145,0.0244819442,-0.007838247874,2,Bull,2,1.213810356e-05,3.52561586e-13,0.9999878619,6.012661897e-06,0.6409244386,0.3590695488,0.001224994219,0.3616518293,0.0888729929,4.069310794,221,-1364.665342,Bear,0
2013-09-11,135.5804896,136.1914978,135.3473454,136.1914978,94545900,0.003138289162,0.003133375011,0.1139930751,-0.0004990950819,-0.009067165235,1,Bear,0,0.9999424781,6.797115654e-07,5.68422235e-05,0.3333198296,0.3333318145,0.3333483559,0.0004283165002,0.1139761791,0.1383143958,0.8240369949,204,-1553.209539,Bear,0
2013-10-09,133.9470662,134.2702146,132.9210508,133.7854919,168973000,0.000725454008,0.0007251909934,0.0999206419,0.00876446681,-0.03838649055,1,Bear,0,0.9999131475,8.68524855e-05,6.103212409e-14,0.6666225879,2.917739914e-05,0.3333482347,0.0002052077126,0.0530727758,0.13278937,0.3996763884,210,-1730.061986,Bull,2
2013-11-06,143.0194653,143.3991711,142.6235983,143.1325684,87348000,0.005105388168,0.005092399862,0.1045977866,0.0284036743,0,2,Bull,2,1.314489205e-09,0.0005582031853,0.9994417955,0.6666185423,0.0002152451275,0.3331662126,0.00118547656,0.348159182,0.08835466146,3.940473273,187,-1826.460186,Bull,2
2013-12-05,144.9423282,145.2089311,144.4252834,144.5626221,106934000,-0.004395074801,-0.004404761535,0.0904504221,0.02842911454,-0.01203600823,2,Bull,2,3.071172316e-09,0.006026120742,0.9939738762,0.333304384,0.002223725471,0.6644718906,0.001193301208,0.3508201202,0.08798395542,3.987319262,198,-1865.28951,Bull,2
2014-01-06,149.0432494,149.1001018,147.8979471,148.1253815,108028200,-0.002898078835,-0.002902286397,0.1032959216,0.01937036558,-0.01261597831,2,Bull,2,9.258844681e-07,0.09501809198,0.9049809821,3.100900432e-07,0.03386747197,0.9661322179,0.001079100526,0.3124994974,0.0906283148,3.448144193,224,-1936.472279,Bear,0
2014-02-04,142.1065125,142.8294317,141.4242092,142.463913,165012400,0.007004312321,0.006979896071,0.1511244308,0.005826588066,-0.0503545717,0,Bear,0,0.9865073343,0.01349266567,5.788201344e-25,0.3288360878,0.03817895946,0.6329849528,-0.0005701210401,-0.1338268967,0.1576250239,-0.8490206276,94,-1947.39971,Neutral,1
2014-03-05,152.4954066,152.7634568,152.2598416,152.5035248,88376900,0.0009064215626,0.0009060110107,0.09380556429,0.007865166334,0,1,Neutral,1,9.923829729e-06,0.9994031668,0.000586909385,0.3288393947,0.3693046415,0.3018559638,0.001002975769,0.2875612096,0.1298692149,2.214236914,190,-1978.438615,Bull,2
2014-04-02,153.7803434,154.3024895,153.4947895,154.098526,78774000,0.003346541396,0.003340954188,0.09001544276,0.01739974216,0,2,Bull,2,1.28980562e-09,0.003445510106,0.9965544886,0.3288390865,0.3387804475,0.332380466,0.0008200741739,0.2295628403,0.09092763378,2.524676281,220,-1998.122619,Neutral,1
2014-05-01,153.5601121,154.0659378,153.160339,153.6498566,93019000,0.0001065697415,0.0001065640634,0.1313054585,0.006493862952,-0.002911575115,1,Neutral,1,0.0001161123681,0.9997549625,0.0001289251498,4.201249587e-05,0.6675345465,0.332423441,0.0009506385122,0.2706910738,0.1288718233,2.100467478,191,-1992.407018,Bull,2
2014-05-30,156.7990004,157.2966719,156.6684608,157.198761,76316000,0.001611378389,0.001610081511,0.08255837578,0.01059142213,0,1,Bull,2,6.88447454e-05,0.0001128283007,0.999818327,6.165280109e-05,0.334437767,0.6655005802,0.001730833049,0.5467716127,0.07707847023,7.093700887,148,-2023.678205,Neutral,1
2014-06-27,159.8374513,160.5752458,159.7636756,160.526062,71445100,0.001943937161,0.00194205016,0.05759891156,0.02583517209,-0.0006126335119,2,Neutral,1,1.629951262e-05,0.9999835669,1.33568508e-07,6.708554203e-05,0.6666171192,0.3333157952,0.0007862942112,0.2191405475,0.09501185362,2.306454817,192,-2108.24155,Neutral,1
2014-07-28,162.1164029,162.3869263,161.1818731,162.1492004,69259000,0.0004045258316,0.0004044440331,0.07996966176,0.0206600382,-0.004279217213,2,Neutral,1,8.258098805e-05,0.999916262,1.157012451e-06,5.590841536e-05,0.6666708857,0.3332732058,0.0008175483319,0.2287804576,0.08932156237,2.561312762,230,-2120.880037,Bull,2
2014-08-25,164.0674544,164.4363454,163.2558841,164.1166382,63855000,0.005070417692,0.005057606411,0.1119818174,-0.001136736169,0,1,Bull,2,0.0001727872637,1.093217832e-07,0.9998271034,9.055592144e-05,0.6666333127,0.3332761313,0.00217618982,0.7304817443,0.07440283816,9.817928486,122,-2121.513189,Bull,2
2014-09-23,163.4260478,164.1096335,163.0307254,163.0801392,111393000,-0.005724451033,-0.005740898502,0.06385563059,0.01309767948,-0.01429189231,1,Bull,2,0.01327646012,0.1971397496,0.7895837903,0.004510609458,0.399018707,0.5964706836,0.001651357959,0.5161014516,0.0741752279,6.957868095,143,-2147.086598,Bear,0
2014-10-21,157.8667694,159.9422334,157.7020528,159.8351746,154949000,0.01981079246,0.0196171125,0.1892687978,-0.01291223954,-0.033905488,0,Bear,0,1,7.445321956e-27,2.526734663e-17,0.3378164158,0.06571328631,0.5964702979,-0.0005115627289,-0.1209502704,0.1571638129,-0.7695809113,169,-2116.430446,Bull,2
2014-11-18,168.3758173,169.5947348,168.3758173,169.2900085,76068100,0.005773872102,0.005757267189,0.08129110582,0.01577699844,0,1,Bull,2,8.958585197e-05,0.05117865775,0.9487317564,0.337788682,0.08277280246,0.5794385156,0.001903840126,0.6156990507,0.07036667328,8.749867259,147,-2127.036603,Bear,0
2014-12-17,163.4342315,166.6462477,163.3106847,166.1932678,253910100,0.01960444001,0.01941474817,0.1278472596,0.02663735189,-0.02985606535,0,Bear,0,0.9999999998,2.394693904e-10,7.148978741e-16,0.6666965285,0.01705955266,0.3162439188,-0.0004801080746,-0.1139547299,0.1634596221,-0.6971429915,146,-2145.92034,Bear,0
2015-01-16,164.6095894,167.1354219,164.4273973,166.9780731,211879600,0.01311419801,0.0130289514,0.1663931513,0.008453017681,-0.03396861916,0,Bear,0,1,3.4098265e-16,1.963401626e-15,0.6666965285,0.01705955266,0.3162439188,-0.0007463102837,-0.1714434524,0.1662993373,-1.030932866,145,-2137.306335,Bull,2
2015-02-17,173.4127467,174.1746476,173.1643144,174.0007324,76968200,0.001573506835,0.00157227017,0.1415557062,0.001554059271,0,1,Bull,2,0.000228024318,4.512664701e-07,0.9997715244,0.6667426747,1.505019799e-07,0.3332571748,0.002240288425,0.7586609278,0.07249223544,10.46540948,136,-2133.520144,Bear,0
2015-03-17,171.9966132,172.6011526,171.4086275,172.2202148,94510400,-0.002972366742,-0.002976792997,0.1152582424,0.01496212519,-0.01901046696,0,Bear,0,0.9999706468,9.154740634e-08,2.926160829e-05,0.6667328904,1.809379589e-07,0.3332669287,-0.0004853492175,-0.1151242177,0.1630909652,-0.7058896091,170,-2112.709676,Bull,2
2015-04-15,174.7275351,175.5510465,174.6443463,175.0436249,99529300,0.004487052353,0.004477015546,0.10915936,0.006299956895,-0.002927943236,1,Bull,2,0.0004559072078,0.003882050397,0.9956620424,0.3335515261,0.001294197737,0.6651542761,0.002302899784,0.786629253,0.07497032522,10.49254156,129,-2135.739888,Bull,2
2015-05-13,175.0768696,175.7007478,174.4696316,174.7025452,94667900,0.0001906155642,0.0001905973994,0.1087918386,0.005971488182,-0.007701397258,1,Bull,2,0.0001924530215,0.0004466750603,0.9993608719,0.333539669,0.001442939001,0.665017392,0.001703016108,0.5359668605,0.07761217702,6.905705794,144,-2132.974884,Bull,2
2015-06-11,175.9169801,176.4244014,175.6840666,176.0417633,73876400,0.003223564657,0.003218380111,0.09313830976,0.007776685411,-0.00875890045,1,Bull,2,0.0003991882738,0.002408172855,0.9971926389,0.0003491828344,0.002245632771,0.9974051844,0.001381913208,0.4165752014,0.0799917685,5.20772586,159,-2138.82384,Bear,0
2015-07-10,173.2703335,173.8470953,171.3143686,173.4291534,129456900,0.01259127115,0.01251266028,0.1326161039,-0.004189646731,-0.02346976351,0,Bear,0,0.9999111666,4.482647837e-17,8.88334387e-05,0.333500936,0.0009516159719,0.6655474481,-9.654353841e-05,-0.02403540777,0.1565303207,-0.1535511309,167,-2145.718854,Bull,2
2015-08-07,173.9976085,174.1480615,172.9193111,173.8220673,117858000,-0.001919829255,-0.001921674489,0.09588745956,0.0020431552,-0.02182592617,1,Bull,2,0.02837704392,5.131110679e-06,0.971617825,0.3428957996,0.0008044346554,0.6562997658,0.001058317191,0.3056433818,0.08060105721,3.792051772,175,-2178.275677,Bear,0
2015-09-04,161.2001565,162.0443943,160.1636563,160.9828186,207081000,-0.01513723678,-0.0152529742,0.305149067,-0.02735045164,-0.09407808818,0,Bear,0,1,1.383769463e-126,1.561254512e-59,0.6760960702,1.710370226e-06,0.3239022195,-0.000720915733,-0.1661241634,0.1932013374,-0.859849966,145,-2026.281734,Bear,0
2015-10-05,165.0714737,166.9871957,164.9622398,166.7603302,126320800,0.01779453985,0.0176380705,0.2009026652,-0.03383339436,-0.06156546108,0,Bear,0,1,2.481734907e-17,3.531631161e-52,0.6761256813,1.710370226e-06,0.3238726083,-0.0004911036891,-0.1164064699,0.2286698952,-0.5090590074,83,-1792.87056,Neutral,1
2015-11-02,175.0365954,176.9691128,174.9105533,176.7758636,86270800,0.0118308539,0.01176141648,0.1175136524,0.02198488362,-0.005203600308,1,Neutral,1,0.0003550592654,0.9709871864,0.02865775438,0.6667850198,0.3236623955,0.009552584792,0.0003578162647,0.09435997941,0.1139718333,0.8279236779,235,-1773.138911,Bull,2
2015-12-01,175.9776853,177.1372062,175.700408,177.0195618,97858400,0.009535594555,0.009490417738,0.1182647702,0.02991991436,-0.003832202609,2,Bull,2,9.349167842e-05,4.634394724e-05,0.9998601644,0.3334828503,0.3236778434,0.3428393063,0.0003698667904,0.09768830897,0.0828013171,1.179791728,183,-1853.835367,Bear,0
2015-12-30,175.0556211,175.1401493,173.9145552,174.0582428,63317700,-0.007087950736,-0.007113189591,0.1847036827,-0.0006970054268,-0.0204968614,0,Bear,0,0.9953793229,0.004620633077,4.402160256e-08,0.3319426246,0.3252180545,0.3428393209,6.525751782e-05,0.01658085604,0.2099979395,0.07895723202,123,-1928.267375,Bear,0
2016-01-29,160.6106123,163.8732007,160.4922806,163.7379608,210529300,0.02437717958,0.02408479823,0.2355058497,-0.04629425614,-0.07643173023,0,Bear,0,1,2.634961357e-31,1.330323038e-73,0.6651576049,0.001555659008,0.3332867361,-0.0004198654136,-0.1004009224,0.214567628,-0.4679220408,141,-1862.097186,Bear,0
2016-02-29,164.9128159,165.8594693,163.4083076,163.6027069,125918100,-0.0078425091,-0.00787342331,0.1882628456,-0.02724779337,-0.07719463344,0,Bear,0,0.9999999916,8.357470468e-09,3.522933663e-71,0.9984597715,0.001540213811,1.467386752e-08,-0.0003699410114,-0.08901161806,0.2324126036,-0.3829896343,84,-1627.046119,Neutral,1
2016-03-29,172.2627751,174.3782578,171.9569224,174.267807,92922900,0.009250240674,0.009207719219,0.1159232602,0.0365771327,-0.01703785615,1,Neutral,1,1.679771775e-09,0.9998845631,0.0001154352155,0.6666666644,0.3332948572,3.847840518e-05,-2.337180906e-06,-0.0005887961797,0.1421726132,-0.004141417722,234,-1669.993779,Neutral,1
2016-04-26,177.5981624,178.0059746,177.0204478,177.4962158,75864200,0.00148590636,0.001484803494,0.09796328402,0.03829932713,-0.005616470512,2,Neutral,1,4.418439526e-07,0.9999995581,8.415444685e-12,0.3333334784,0.6666280432,3.847840798e-05,6.946941504e-05,0.01766042585,0.1126414446,0.1567844404,158,-1766.425971,Bull,2
2016-05-24,175.1598873,176.918544,175.1344006,176.604187,93537800,0.01296265486,0.0128793587,0.1163914648,0.006577277687,-0.01061386581,1,Bull,2,0.003895777932,2.029680087e-06,0.9961021924,0.001298740485,0.666628717,0.3320725425,0.0004687491468,0.1253845337,0.124312087,1.008627051,219,-1769.50283,Bull,2
2016-06-22,178.1886879,178.9145996,177.5738014,177.7189941,95560500,-0.001631232994,-0.001632564904,0.06909958814,0.009937656186,-0.0150103827,1,Bull,2,0.002461114938,3.331124304e-07,0.9975385519,0.002119111571,0.3333339736,0.6645469148,0.000535624261,0.1445108194,0.1106172353,1.306404187,244,-1765.765644,Bull,2
2016-07-21,185.2855413,185.5075786,184.2521861,184.6962738,67777300,-0.003776909658,-0.003784060192,0.1992750085,0.01364443733,-0.003776909658,1,Bull,2,0.001196401104,0.0002866534071,0.9985169455,0.002517764658,9.633873321e-05,0.9973858966,0.0009795319516,0.2799769268,0.1089112918,2.570687778,257,-1823.028352,Neutral,1
2016-08-18,186.464024,186.9422661,186.3530118,186.9081116,52989300,0.002243779899,0.002241266384,0.0535541679,0.02333404548,-0.0010499031,2,Neutral,1,2.59342562e-12,0.9997871612,0.0002128388204,0.001219172015,0.3333580492,0.6654227788,-0.0001191043617,-0.0295683429,0.1199454931,-0.2465148305,138,-1813.85381,Bull,2
2016-09-16,183.2345221,183.4147754,182.4534593,183.1401062,155236400,-0.003865350391,-0.003872840164,0.1260948829,0.008282270693,-0.02118840484,1,Bull,2,0.0007611864186,2.659794729e-06,0.9992361538,0.000652529175,0.3333588248,0.665988646,0.0004238387376,0.1127198816,0.1347647963,0.8364193367,245,-1804.506018,Bull,2
2016-10-14,183.8095768,184.2730779,182.8482608,182.9255066,93346200,0.0005162735499,0.0005161403265,0.09824871794,-0.003665783311,-0.02233535507,1,Bull,2,1.602107346e-05,3.819706635e-06,0.9999801592,0.0002590691649,0.3332645469,0.6664763839,0.0005425073677,0.1464977452,0.1281906358,1.142811597,257,-1781.096054,Bull,2
2016-11-11,185.4661541,185.9983094,184.8138343,185.7579803,100552700,-0.002305284625,-0.002307945884,0.1049092752,-0.006989587069,-0.007196900625,1,Bull,2,1.625868161e-07,7.654862835e-06,0.9999921826,0.0002591233596,4.711454733e-06,0.9997361652,0.0004212436141,0.1119924328,0.1278242307,0.8761440001,272,-1754.167296,Neutral,1
2016-12-12,194.3240097,194.8046808,193.7746844,194.1952667,102016100,-0.001147754113,-0.001148413288,0.07057458095,0.02095069336,-0.001147754113,2,Neutral,1,1.022332095e-14,0.9997370961,0.00026290387,5.394553429e-06,0.3332495236,0.6667450819,0.0001676269673,0.04314688534,0.1220244184,0.3535922228,152,-1769.559117,Neutral,1
2017-01-11,195.4347937,196.0737,194.7699871,196.0737,74650000,0.002825965229,0.002821979696,0.07056989423,0.02965435323,-0.0004843610195,2,Neutral,1,3.399921829e-19,0.9999984336,1.566403952e-06,5.419560877e-08,0.6665810615,0.3334188843,0.000134506671,0.03447668563,0.09867988755,0.3493790527,140,-1691.658659,Bull,2
2017-02-09,197.9213677,199.3977411,197.9213677,199.0955658,65955200,0.005932630354,0.005915101596,0.06268879423,0.0153962664,0,2,Bull,2,3.50997072e-13,0.003876216991,0.996123783,1.20406911e-13,0.6678705822,0.3321294178,0.0003646618586,0.09624947783,0.09197445149,1.046480585,153,-1639.471147,Bull,2
2017-03-10,205.458695,205.5018667,204.2672255,205.2169495,81991700,0.00350421806,0.003498092593,0.06927790515,0.02691518645,-0.008716363011,2,Bull,2,7.243898957e-17,1.473588689e-05,0.9999852641,1.170232837e-13,0.3346297955,0.6653702045,0.0006425927206,0.1757818912,0.08412728418,2.089475405,161,-1604.334322,Bull,2
2017-04-07,203.9071868,204.6442583,203.4649518,203.9505463,74412300,-0.001019526233,-0.001020046303,0.06918439467,0.01269192075,-0.01483361976,2,Bull,2,7.291546035e-12,0.008732073522,0.9912679265,2.547538515e-12,0.004207675467,0.9957923245,0.000518790213,0.1396658822,0.08612685358,1.621629915,188,-1575.203763,Neutral,1
2017-05-08,207.8960628,208.0434745,207.3931219,207.8180237,48385700,-0.0001666442517,-0.0001666581384,0.07245835689,0.003716495202,-0.0001666442517,1,Neutral,1,1.689615427e-09,0.9981457003,0.001854297996,5.656356817e-10,0.3356308366,0.6643691629,0.0004529881937,0.1209236409,0.1236732947,0.9777667945,227,-1589.220292,Bull,2
2017-06-06,211.00902,211.5639869,210.8182489,210.8963013,50375400,-0.003197042125,-0.003202163583,0.0857401925,0.01230510485,-0.003931793186,2,Bull,2,5.621950899e-12,0.01177480357,0.9882251964,5.675096412e-10,0.3395508591,0.6604491403,0.0005798542194,0.1573388366,0.08026263101,1.960300013,197,-1596.714714,Bull,2
2017-07-05,211.4193912,211.750501,210.6090145,211.5413818,54427600,0.002312025141,0.002309356523,0.07153073457,0.01455130563,-0.007725008313,2,Bull,2,1.658361835e-14,0.0004058721767,0.9995941278,5.650846537e-10,0.3367754587,0.6632245407,0.0008335500702,0.2337454425,0.06096437052,3.834131977,161,-1493.63287,Bull,2
2017-08-02,215.6367966,215.7500784,214.6782894,215.6106567,47211200,0.0004849395093,0.0004848219641,0.05575754627,0.01232627459,0,1,Bull,2,1.552427431e-15,0.0001851172757,0.9998148827,1.880028981e-12,0.004121931007,0.995878069,0.0009021584678,0.2552615207,0.06126281294,4.166663403,182,-1436.879647,Neutral,1
2017-08-30,213.3364039,214.6347432,213.1534113,214.3646088,62030800,0.004737685461,0.004726497951,0.09807260119,0.003399572222,-0.007503947773,1,Neutral,1,4.727094156e-06,0.9976959358,0.002299337098,1.575698058e-06,0.3327623084,0.6672361159,0.0004433448496,0.118202966,0.101114802,1.168997651,127,-1630.526461,Bull,2
2017-09-28,218.6859909,219.3077365,218.5984299,219.2289276,44778800,0.001199916266,0.001199196942,0.05615723103,0.01085908965,0,1,Bull,2,1.83213432e-09,0.06235670372,0.9376432945,1.576308764e-06,0.3534125856,0.6465858381,0.0006091655242,0.1659191106,0.09095190259,1.824251125,184,-1708.450371,Bull,2
2017-10-26,224.1677948,224.4392431,223.7211845,223.8437805,69798000,0.001292481208,0.001291646673,0.04335641353,0.02257840439,-0.005795259031,2,Bull,2,9.918640329e-18,0.0006483178445,0.9993516822,1.576308763e-06,0.3535669858,0.6464314379,0.001078701926,0.3123676671,0.05372471753,5.814226327,186,-1523.44341,Bull,2
2017-11-24,227.9595595,228.0996731,227.819446,227.9945679,27856500,0.002309520566,0.002306857722,0.05885491588,0.01763712265,0,2,Bull,2,6.316642262e-18,0.0001594344288,0.9998405656,6.107114454e-10,0.02105481866,0.9789451807,0.001062297713,0.3069537185,0.05424955613,5.658179356,204,-1449.424463,Bull,2
2017-12-22,235.5323977,235.5676119,234.9162709,235.453186,78720900,-0.0002613592469,-0.0002613934072,0.06735151923,0.02323598104,-0.002572515953,1,Bull,2,1.702885871e-19,0.0003797148473,0.9996202852,5.468523726e-18,0.0003958223735,0.9996041776,0.001120445446,0.326245811,0.05564811398,5.862657109,222,-1352.810624,Bull,2
2018-01-24,249.9846668,250.5831999,248.0659119,249.2453308,134816100,-0.000388350988,-0.0003884264158,0.06430768052,0.0349084435,-0.000388350988,1,Bull,2,0.001012876595,1.259632447e-17,0.9989871234,0.0003376255318,0.0001797164254,0.999482658,0.001243459081,0.3680025572,0.05668122136,6.492495192,241,-1432.876996,Neutral,1
2018-02-22,238.6129989,240.3293064,237.3279641,237.9968719,110511300,0.001296255912,0.001295416498,0.2627991155,0.007763187429,-0.0564585443,0,Neutral,1,1.673170911e-34,1,1.770965331e-177,0.0003376255318,0.3334599049,0.6662024695,0.0006263309861,0.1709734466,0.1924035228,0.8886191067,79,-1716.337795,Bear,0
2018-03-22,236.7496642,237.598,232.7288538,233.0028229,148785900,-0.0249971778,-0.02531491343,0.1719172662,-0.0009445742055,-0.0762575118,0,Bear,0,1,1.314056387e-24,2.758030399e-252,0.3336709589,0.3333333333,0.3329957078,-0.0004888704644,-0.1159090677,0.1989216114,-0.5826871543,80,-1688.227645,Bear,0
2018-04-20,237.5449456,237.7658683,234.7171239,235.6008148,99953100,-0.008479499699,-0.008515655188,0.2195118319,-0.02005906061,-0.06595774155,0,Bear,0,1,2.98014044e-29,2.608574975e-209,0.6666666667,0.3333333333,5.903217771e-178,-0.0002095945268,-0.05144719661,0.2028743802,-0.2535913926,99,-1493.310939,Bear,0
2018-05-18,240.0280216,240.3903379,239.4182729,239.7717438,64368000,-0.002500528151,-0.002503659693,0.1048385849,-0.00080682605,-0.04942204364,0,Bear,0,0.9999961108,3.889204095e-06,8.579267792e-61,0.9999987036,1.296401365e-06,2.859755931e-61,-0.0001741622246,-0.04293970046,0.1874516725,-0.2290707781,123,-1455.383521,Neutral,1
2018-06-18,244.5411956,245.6152826,244.0618792,245.4909973,52917600,-0.002056798504,-0.002058916619,0.09091281912,0.02291892735,-0.02674799433,1,Neutral,1,0.001279550314,0.9987204497,8.191246878e-15,0.667091887,0.332908113,2.730415626e-15,0.000692958482,0.1908002231,0.0763693811,2.498386399,160,-1497.263094,Neutral,1
2018-07-17,247.1863977,249.3522878,247.1331404,248.9617157,52315500,0.004044928858,0.004036770126,0.09957325509,0.01134252602,-0.01298828964,1,Neutral,1,0.0001139628005,0.9998852453,7.918552522e-07,0.3337965413,0.6662031947,2.639517534e-07,0.0007071090474,0.1950541282,0.07589237707,2.570141242,169,-1532.126873,Bull,2
2018-08-14,251.1365353,252.2461093,250.7459631,252.006424,43842000,0.006380499554,0.00636023034,0.07222669209,0.01913377304,-0.005882543788,2,Bull,2,7.934150568e-06,0.02180750419,0.9781845617,0.0004671490883,0.6734710664,0.3260617845,0.001068492034,0.308995426,0.06206585485,4.978509146,206,-1521.279692,Bull,2
2018-09-12,256.5867573,257.2436164,255.8500121,256.6400146,59810800,0.0002424014058,0.0002423720313,0.06406018616,0.02121550726,-0.008096273016,2,Bull,2,1.385043763e-06,0.001799565006,0.9981990499,4.109399829e-05,0.3411641048,0.6587948012,0.001164445879,0.3410331999,0.06299307319,5.413820641,210,-1540.294201,Bear,0
2018-10-10,255.7598157,255.8311651,247.7793193,248.1538086,214731000,-0.03166281805,-0.0321749239,0.1300227533,0.01312314522,-0.04775609452,0,Bear,0,1,2.78950074e-11,3.11775865e-58,0.3333364397,0.007869023073,0.6587945372,-0.0006411782933,-0.1491989231,0.194640676,-0.7665351673,95,-1428.407529,Bear,0
2018-11-07,247.4939689,250.6505144,247.065954,250.5702667,102752100,0.02140904597,0.02118309163,0.231575193,-0.0355896398,-0.03848338765,0,Bear,0,1,1.088351431e-34,1.998659415e-122,0.6666671283,0.0005998550114,0.3327330166,-0.0004541959929,-0.1081500609,0.2060245904,-0.524937633,104,-1279.225295,Bear,0
2018-12-07,240.2713747,241.8407356,234.1812303,235.0194092,161018900,-0.0232359423,-0.02351015282,0.2230896962,-0.02449164805,-0.09815689983,0,Bear,0,1,9.360531761e-44,0,1,9.298335801e-12,1.039252883e-58,-0.001040345292,-0.2306174843,0.2138056122,-1.078631575,115,-1122.663493,Bear,0
2019-01-08,230.3378446,230.7773092,227.8086242,230.292984,102512600,0.009395195453,0.009351335108,0.2998044244,-0.04805276943,-0.1162936739,0,Bear,0,1,2.629549037e-83,0,1,3.627838106e-35,6.66219805e-123,-0.001027118859,-0.228048807,0.2289383081,-0.9961146687,133,-1002.399367,Bear,0
2019-02-06,244.6610868,245.1543623,243.8808018,244.6162262,58347800,-0.001318188781,-0.001319058356,0.1134121772,0.009594047937,-0.06133090644,0,Bear,0,0.9987436895,0.001256310486,1.919199739e-182,0.9995812298,0.0004187701621,6.397332464e-183,-0.0004984875247,-0.1180490672,0.2181639519,-0.5411025337,153,-1016.520733,Neutral,1
2019-03-07,248.2844846,248.4279894,245.8091024,246.6521759,94885100,-0.008365396371,-0.008400582669,0.09006376413,0.04521101585,-0.05351832959,2,Neutral,1,4.031831685e-06,0.9999959682,1.321982561e-29,0.6662492404,0.3337507596,4.406608538e-30,0.0001242863572,0.03181579925,0.09981055343,0.3187618759,111,-1155.8785,Neutral,1
2019-04-04,258.3414842,258.9540455,257.6478511,258.7018127,48997500,0.002653670353,0.002650155586,0.114690626,0.02884027413,-0.005452498095,2,Neutral,1,1.259290837e-06,0.9994267524,0.000571988305,0.3329163269,0.6668930104,0.0001906627683,0.0006567281221,0.1799776372,0.1033325426,1.741732398,128,-1183.432537,Bull,2
2019-05-03,263.7825558,265.1518153,262.4132687,264.8725586,56543700,0.009788122761,0.009740529402,0.06884573833,0.02884107755,0,1,Bull,2,1.004952076e-08,0.0002400548974,0.9997599351,1.767057347e-06,0.6665542585,0.3334439745,0.001059407166,0.3060020568,0.0635479688,4.815292489,232,-1150.416066,Bear,0
2019-06-03,248.0089249,249.1259517,246.0090697,247.3423157,96428000,-0.00254258992,-0.002545827791,0.1462786023,-0.005683430579,-0.06618368854,0,Bear,0,0.9997654351,0.0002345649277,2.646601883e-66,0.3332555681,0.3333004574,0.3334439745,-0.0008279063108,-0.1883064328,0.2196084767,-0.8574643184,149,-1228.230473,Neutral,1
2019-07-01,268.5595411,268.7768117,266.4322774,267.6362305,78705600,0.009078468849,0.009037507276,0.105208909,0.007518478825,0,2,Neutral,1,1.089462372e-05,0.9996517167,0.0003373886387,0.3332587799,0.3333754455,0.3333657746,0.0006088650366,0.1658308272,0.1032521356,1.606076486,161,-1329.545381,Bull,2
2019-07-30,271.4833604,272.6239415,271.1031575,272.2165833,45849000,-0.00245505844,-0.002458077038,0.07232079743,0.03047605187,-0.004271588933,1,Bull,2,5.235320937e-09,0.0002922369372,0.9997077578,0.3332587783,0.3333928395,0.3333483822,0.001050302598,0.3030090644,0.06584297107,4.601995619,192,-1314.574524,Bear,0
2019-08-27,262.0964143,262.4675564,258.9190953,259.6794739,66668900,-0.003923586175,-0.003931303633,0.2384456083,-0.01014847768,-0.05013049969,0,Bear,0,1,9.438423367e-15,6.286811472e-95,0.3333369666,0.3333146512,0.3333483822,-0.0005085538452,-0.1202834881,0.2233412862,-0.5385636044,168,-1374.759315,Bear,0
2019-09-25,269.1450308,271.1002281,267.6627098,270.6546326,71854000,0.005914937639,0.005897513072,0.09277277195,0.007066474768,-0.009984975875,2,Bear,0,0.9993052793,1.090615429e-05,0.0006838145183,0.6664350949,0.0001010476972,0.3334638574,7.602772383e-06,0.001917735147,0.112471269,0.0170508892,172,-1407.17314,Neutral,1
2019-10-23,271.6640384,272.7644004,271.4548672,272.7098389,34352200,0.002909801757,0.002905576478,0.1390800911,0.006853870075,-0.002467332101,1,Neutral,1,0.0001625150133,0.999837485,7.996794005e-12,0.6664892648,0.333282797,0.0002279381754,0.0001611348303,0.04144167297,0.1161738124,0.3567212964,191,-1468.299598,Bull,2
2019-11-20,283.0768992,283.5952618,281.0580381,282.6130981,79406200,-0.003718895081,-0.003725827364,0.05169774294,0.02497247529,-0.004006488334,2,Bull,2,4.841245715e-10,3.425888269e-05,0.9999657406,0.3331559316,0.3332942167,0.3335498517,0.001237256063,0.3658658199,0.06794739086,5.384545532,144,-1491.75848,Bull,2
2019-12-19,290.8249453,291.8980541,290.5703154,291.8252869,85310500,0.004098809933,0.004090432695,0.07751785978,0.02887891073,0,2,Bull,2,1.343276226e-09,0.0001313762787,0.9998686224,5.417228024e-05,0.3333343734,0.6666114543,0.001097758918,0.3186852892,0.06985413106,4.562153797,145,-1512.500818,Bull,2
2020-01-21,302.3987408,303.5684901,302.3256437,302.7642822,77742400,-0.001958262235,-0.001960182137,0.07320706233,0.03252557012,-0.001958262235,2,Bull,2,6.539740096e-10,8.814332145e-05,0.999911856,8.271249358e-10,8.459282761e-05,0.9999154063,0.001075817395,0.3114140513,0.07080368768,4.398274461,145,-1522.853219,Neutral,1
2020-02-19,308.695321,309.8741901,308.4120243,309.197937,48814700,0.004781235564,0.004769841761,0.1344887528,0.02505249365,0,1,Neutral,1,4.117826492e-06,0.9999958819,2.438259634e-10,1.373274581e-06,0.3334051338,0.6665934929,0.0004674833303,0.1250256093,0.1146613978,1.090389718,211,-1519.727255,Bear,0
2020-03-18,215.9012282,226.9772994,208.3801015,219.3282318,327597100,-0.05063299082,-0.05195982259,0.8273052087,-0.08177357982,-0.2906542847,0,Bear,0,1,3.554467674e-109,0,0.3333347062,0.3333613418,0.3333039521,-0.003026556794,-0.5335909836,0.4307231088,-1.238825994,97,-1420.286622,Bear,0
2020-04-16,256.6062841,257.4152212,253.4900697,256.5603333,131798300,0.004824418029,0.004812817818,0.567977452,-0.1247029604,-0.1702391816,0,Bear,0,1,2.859715828e-34,4.122155571e-218,0.6666680393,0.3333319606,8.127532112e-11,-0.001508638031,-0.3162594757,0.6174336434,-0.512216137,59,-851.7291932,Neutral,1
2020-05-14,256.4224442,262.0849475,250.9437443,261.9562683,121977900,0.01196754973,0.01189650487,0.2760943185,0.02711968379,-0.1527877875,0,Neutral,1,2.256939018e-05,0.9999774306,2.811120428e-45,0.6666741898,0.3333258102,9.370401426e-46,-0.0008632395334,-0.1955016491,0.5498695158,-0.3555418941,79,-868.576083,Bear,0
2020-06-12,283.3469674,284.1191268,274.4854946,279.6424255,194678900,0.01197563525,0.01190449474,0.290131259,0.07542607074,-0.09558767358,2,Bear,0,0.9999995704,4.296034156e-07,2.841219793e-24,0.6666740466,0.3333259534,9.470732643e-25,-0.0004949522674,-0.1172630003,0.2537076414,-0.4621973531,165,-928.3401598,Bear,0
2020-07-13,295.5717242,297.9537911,290.032005,290.6875305,102997500,-0.008659252152,-0.008696961323,0.1965173201,0.03694780295,-0.05986587968,2,Bear,0,0.9999999082,7.378589405e-09,8.444184411e-08,0.666674016,0.3333259559,2.814728137e-08,-0.0002241106397,-0.05491072137,0.2467058319,-0.2225756925,187,-988.7271146,Bull,2
2020-08-10,309.3563854,310.0119109,307.417478,309.8272705,44282100,0.002988885976,0.002984428136,0.1046148548,0.03959782836,0,1,Bull,2,6.352855081e-17,1.072034697e-05,0.9999892797,0.6666664929,3.719109659e-06,0.333329788,0.0008554397508,0.2405698335,0.09468997123,2.540605202,273,-1057.700058,Neutral,1
2020-09-08,310.8798493,316.3549607,307.3436737,307.6483459,114465300,-0.02732270965,-0.0277029164,0.19758484,0.04838363298,-0.06846512924,2,Neutral,1,5.064596477e-08,0.9999999493,4.457622122e-12,0.3333333196,0.3333368924,0.333329788,-0.0003008416328,-0.0730096204,0.2463208658,-0.2964004701,195,-1092.699916,Neutral,1
2020-10-06,315.0906262,317.1856157,309.9644141,310.4742432,90128900,-0.01421591726,-0.01431793138,0.2046194038,0.0003840351385,-0.05990853587,1,Neutral,1,7.073472247e-08,0.9999999098,1.944135519e-08,4.04602291e-08,0.6666701932,0.3333297664,-0.0002442757558,-0.05970111403,0.2428956181,-0.2457891769,214,-1154.790804,Neutral,1
2020-11-03,309.3247914,313.5518293,306.1730565,311.493927,93294200,0.01765582786,0.01750177438,0.2092391047,0.007874606248,-0.05682101382,2,Neutral,1,5.730728887e-08,0.9999999039,3.877334766e-08,5.95626587e-08,0.999999921,1.940638682e-08,2.49009813e-06,0.0006277016509,0.2382466524,0.00263467144,217,-1163.468129,Bull,2
2020-12-02,338.1817475,340.1654752,337.6070229,340.0079041,45927000,0.002103527328,0.002101318012,0.155079646,0.03925749666,0,1,Bull,2,3.68701898e-13,0.0007426694437,0.9992573306,4.268079335e-08,0.6669141611,0.3330857963,0.001174167927,0.3443227003,0.09941452699,3.463504889,252,-1169.693076,Bull,2
2020-12-31,346.1025894,348.7836834,345.5905871,348.0575562,78520700,0.005080857053,0.005067993053,0.0836734614,0.03749308996,0,1,Bull,2,2.251088744e-16,9.317428461e-06,0.9999906826,1.91025526e-08,0.3335839636,0.6664160173,0.001178770565,0.3458828373,0.09849680711,3.511614716,270,-1087.427029,Neutral,1
2021-02-01,347.9086166,351.2785928,344.7993008,350.2452698,75817600,0.01664560473,0.01650858508,0.1741164443,0.02830712998,-0.02122864712,2,Neutral,1,7.609185858e-09,0.9972790315,0.002720960917,2.536518262e-09,0.3326770061,0.6673229913,0.000290082043,0.07583884137,0.2385965872,0.3178538397,180,-1003.357641,Neutral,1
2021-03-02,362.8966628,363.1293962,359.3404884,359.8432007,79595300,-0.007803131502,-0.00783373524,0.156372161,0.02597063814,-0.01553606184,2,Neutral,1,1.340802279e-08,0.9947336357,0.005266350883,7.005736291e-09,0.6640073282,0.3359926648,0.0002460382101,0.06396407786,0.2200623646,0.2906634125,232,-922.0622619,Bull,2
2021-03-30,368.3815796,369.3435809,367.0739806,368.6711121,76262200,-0.002653154296,-0.002656680147,0.1508878011,0.01310318974,-0.003156811954,1,Bull,2,1.374187098e-10,0.0110416758,0.9889583241,7.051542452e-09,0.667684781,0.332315212,0.001782617009,0.5670885737,0.0830620142,6.827291382,241,-893.2455227,Bull,2
2021-04-28,390.2273883,391.3481792,389.3774605,389.8444519,51238900,-0.0002874450153,-0.0002874863355,0.1012742087,0.03858678603,-0.0005028617033,1,Bull,2,2.626524245e-15,9.570617351e-05,0.9999042938,4.515148042e-09,0.3352903392,0.6647096563,0.001838058529,0.5891364401,0.08599511413,6.850812934,242,-904.3306998,Bull,2
2021-05-26,391.2174584,391.9085967,390.1807509,391.4042664,43088600,0.00198443235,0.001982465966,0.1444134666,0.02500156779,-0.007225394711,1,Bull,2,3.461179244e-13,0.0005132637704,0.9994867362,4.592248473e-11,0.003883548583,0.9961164514,0.001876323656,0.6045343041,0.08651981455,6.987235319,250,-880.1758766,Bull,2
2021-06-24,398.1383129,398.7567332,397.8852942,398.335083,45110300,0.00591566678,0.005898237925,0.08968972291,0.01337306596,0,1,Bull,2,1.949786592e-15,5.994532611e-05,0.9999400547,1.168980784e-13,0.0002229717567,0.9997770282,0.001813731821,0.5794243083,0.08697647922,6.661850577,267,-798.8883276,Bull,2
2021-07-23,409.9731072,412.5780733,409.2890874,412.2407532,63766600,0.01028783055,0.01023527099,0.1117180344,0.02310622453,0,1,Bull,2,2.685859993e-15,0.0001759158408,0.9998240842,1.16917857e-13,0.0002497083124,0.9997502917,0.00186987024,0.6019270336,0.08861973004,6.792246302,266,-805.1795342,Bull,2
2021-08-20,412.5124974,415.7733733,412.025219,415.4454041,72008700,0.007957295526,0.007925803203,0.07790279265,0.02300788969,-0.008076705017,1,Bull,2,2.80432436e-14,4.723792969e-05,0.9999527621,1.089296339e-14,9.436636554e-05,0.9999056336,0.001845272094,0.5920278289,0.08743599944,6.770984865,281,-733.4886962,Bear,0
2021-09-20,408.8048589,410.3841202,403.1457962,408.0152283,166445500,-0.01667415141,-0.01681472994,0.1026394708,0.01668239675,-0.03918759303,2,Bear,0,0.9999999447,5.516630121e-08,1.037426079e-10,0.3333333149,7.440297894e-05,0.6665922821,-0.0004611139408,-0.1097034888,0.2431384282,-0.4511976557,171,-665.6991863,Neutral,1
2021-10-18,417.3498078,420.7151403,416.6917679,420.3767395,62213200,0.002960556111,0.002956182295,0.1502465451,-0.00946806168,-0.01007815658,2,Neutral,1,5.909070291e-08,0.9970916059,0.002908334987,0.3333333346,0.332379633,0.3342870324,0.000111907476,0.02860208765,0.2335617055,0.1224605189,182,-681.5619123,Bull,2
2021-11-15,440.5405763,440.7003671,438.2750753,439.4031067,46980500,0.000342378361,0.0003423197629,0.06850455519,0.02739289338,-0.003198849782,1,Bull,2,3.992412395e-16,2.011066067e-05,0.9999798893,0.3333333346,0.3323705906,0.3342960748,0.00174467455,0.5521762627,0.08886683427,6.213524621,269,-711.0103917,Bull,2
2021-12-14,435.3233478,437.8144494,432.6536363,435.5771484,97264100,-0.006879967603,-0.006903743696,0.1765525026,0.02222763192,-0.015677515,1,Bull,2,2.594624017e-09,0.4886472714,0.511352726,2.056177578e-08,0.495252996,0.5047469834,0.001777851969,0.5652079588,0.08817126825,6.410341713,269,-752.2946583,Bull,2
2022-01-12,444.8712086,446.3900061,442.3713549,444.3334961,67605400,0.002703664799,0.002700016471,0.1504210537,0.01283413666,-0.01400419701,1,Bull,2,1.240185913e-13,0.0002068366824,0.9997931633,8.64916145e-10,0.1629580729,0.8370419262,0.001226279522,0.3620929349,0.1225321789,2.955084437,323,-858.9484346,Neutral,1
2022-02-10,425.768427,431.7775173,421.863002,423.8628845,140103700,-0.01796569554,-0.01812903797,0.2151650624,-0.02649871395,-0.05942939513,2,Neutral,1,1.63892298e-06,0.9999983611,2.444555132e-14,5.471725761e-07,0.4962841564,0.5037152964,4.703775803e-05,0.01192404634,0.2430981042,0.04905034688,159,-932.9405632,Bear,0
2022-03-11,403.8640109,404.4771781,395.7606978,396.2701111,95636300,-0.01271512448,-0.01279665351,0.2466265428,-0.04067171436,-0.1206589874,2,Bear,0,1,5.934520823e-13,7.629546168e-41,0.3333338796,0.3334017326,0.3332643878,0.0003222976907,0.08460841938,0.2186208823,0.3870097791,169,-987.6639319,Bear,0
2022-04-08,423.9022464,426.419338,421.9813119,423.5237427,79272700,-0.002673832339,-0.002677413414,0.1808941965,0.01169907855,-0.06018196598,0,Bear,0,0.9018854607,0.09811453927,2.836289643e-37,0.6339623666,0.3660376334,8.148517107e-15,0.0003624761676,0.09564583631,0.2423660073,0.3946338736,148,-1546.399523,Bear,0
2022-05-09,383.3355332,384.5751496,375.1975726,376.7778625,155586100,-0.03201717275,-0.03254093231,0.3149438738,-0.01836346616,-0.1639131544,0,Bear,0,1,2.998597276e-29,1.925715201e-301,0.9672951536,0.03270484642,9.456841992e-38,-0.0004039084902,-0.09677622148,0.2495147214,-0.3878577623,151,-1704.7532,Bear,0
2022-06-07,386.1742628,393.8579998,385.7105691,393.4037781,59272400,0.009591983572,0.009546272571,0.2620368214,-0.05491027574,-0.1270195079,0,Bear,0,1,4.820024048e-22,9.483076025e-189,0.9672951536,0.03270484642,9.45429881e-38,-0.001025506097,-0.2277350099,0.2539361245,-0.8968200582,149,-1620.287711,Bear,0
2022-07-07,366.0031367,370.4793303,364.2449625,369.6810303,64525900,0.01497709627,0.01486604699,0.2995918565,-0.05333036385,-0.1680099891,0,Bear,0,1,6.325451905e-32,8.346226483e-313,1,1.606674783e-22,3.161025342e-189,-0.001078170764,-0.2379164111,0.2543560878,-0.9353674732,143,-1502.070657,Neutral,1
2022-08-04,393.8012304,394.4854917,391.96704,393.6111755,45656600,-0.000675547415,-0.0006757757,0.1953010831,0.007370592274,-0.09877764104,1,Neutral,1,5.668432298e-05,0.9999433157,4.178657189e-96,0.6666855614,0.3333144386,1.39288573e-96,-0.0001690464255,-0.0417050805,0.1957674569,-0.2130337757,204,-1416.745944,Neutral,1
2022-09-01,373.3874742,377.0843647,370.6789387,376.7422485,78740100,0.003137697583,0.003132785283,0.1986776268,0.04313144789,-0.1374011739,1,Neutral,1,1.938458962e-08,0.9999999806,5.925555725e-170,0.3333522346,0.6666477654,1.39288573e-96,-0.000354554249,-0.08547243619,0.1995615157,-0.4283011976,215,-1517.20306,Bear,0
2022-09-30,345.2532145,349.1752605,340.7109309,340.8445129,153711200,-0.01546339089,-0.01558419611,0.2456435409,-0.03533122813,-0.2114787635,0,Bear,0,1,3.468972974e-13,0,0.3333522346,0.6666477654,1.39288573e-96,-0.001584955828,-0.3292835897,0.2614346819,-1.259525275,133,-1507.16697,Bear,0
2022-10-28,362.4967797,371.7054347,362.315467,371.228302,100302000,0.02379071944,0.02351213018,0.2819750523,-0.04772483713,-0.09095176183,0,Bear,0,0.9999999673,3.269614932e-08,2.901318832e-102,0.6666666622,0.3333333378,9.671062774e-103,-0.0008784627581,-0.1985819958,0.2717395687,-0.7307805658,127,-1412.254955,Neutral,1
2022-11-28,380.8377489,382.4790865,377.0397624,377.8031921,67881600,-0.01595694578,-0.0160856286,0.2637593669,0.02244007951,-0.07485144765,0,Neutral,1,0.0602896589,0.9397103411,9.342911084e-16,0.6867632087,0.3132367913,3.114303695e-16,-0.0006655305273,-0.1544040998,0.272518759,-0.5665815461,138,-1453.343804,Bear,0
2022-12-27,366.9606161,367.3057151,363.9504495,365.6280823,51638200,-0.003943356074,-0.003951151603,0.2053829054,0.02261491345,-0.1046653441,1,Bear,0,0.9999999833,1.665840414e-08,1.297814896e-23,0.6867632032,0.3132367968,3.114303738e-16,-0.0008806147001,-0.1990164784,0.2104164203,-0.945821995,155,-1484.4032,Bear,0
2023-01-26,386.4595082,388.1754951,383.4876956,388.0125122,72287400,0.01099046324,0.01093050699,0.1699186937,0.002203922247,-0.04985129445,1,Bear,0,0.9999984943,2.193195767e-08,1.483784224e-06,0.6867627122,0.3132367932,4.945947415e-07,-0.0005055597062,-0.1196194713,0.2068285933,-0.5783507462,174,-1539.247922,Bear,0
2023-02-24,379.0683237,380.8226354,377.3619327,379.9886169,108194400,-0.01068257482,-0.01074004316,0.1669212102,0.02684731492,-0.0489466664,1,Bear,0,0.9999901453,5.787560168e-09,9.848879331e-06,0.9999962077,1.479264066e-08,3.777554518e-06,-0.0005599922782,-0.131613211,0.196354617,-0.6702832506,169,-1594.193184,Neutral,1
2023-03-24,377.069991,380.9192151,374.7219619,380.8326111,107682400,0.006562068269,0.006540631627,0.1825022777,-0.007007953825,-0.04683427828,1,Neutral,1,2.272406122e-05,0.999977237,3.896886155e-08,0.6666704546,0.3333257549,3.790544139e-06,-0.0002778510474,-0.06762339561,0.187383382,-0.3608825654,177,-1600.087567,Bull,2
2023-04-24,396.4604041,397.4997109,395.1228141,397.0762939,64332100,0.001043173568,0.001042629841,0.09425298667,0.01451341747,-0.006178826914,2,Bull,2,9.057177593e-18,4.694359899e-06,0.9999953056,0.3333376231,0.3333273124,0.3333350645,0.0007321901357,0.2026313096,0.1157595953,1.75044936,184,-1649.916771,Bull,2
2023-05-22,402.8597799,404.5438153,401.6183969,403.0041199,60745400,0.0004062035971,0.0004061211187,0.1470150438,0.01804192045,-0.001049509161,2,Bull,2,2.589002104e-13,0.0006046979948,0.999395302,7.57468716e-06,0.3335288764,0.6664635489,0.0008752978544,0.2467935047,0.09465659631,2.607250992,139,-1607.531799,Bull,2
2023-06-21,421.2784731,422.080141,419.5108952,420.1000977,76982300,-0.005123607927,-0.005136778613,0.1187685767,0.02719330315,-0.01365656578,2,Bull,2,1.398790589e-15,0.0001426272591,0.9998573727,8.676935272e-14,0.0002506732046,0.9997493268,0.001014188764,0.2912045836,0.1092699222,2.665002206,139,-1603.664209,Bull,2
2023-07-20,438.6739839,439.5722458,436.0371194,436.7518616,70591600,-0.006634382973,-0.006656488316,0.09253648176,0.03757365041,-0.006634382973,2,Bull,2,3.40192893e-18,2.868536973e-05,0.9999713146,8.676746763e-14,0.0002586702079,0.9997413298,0.001203383115,0.354256432,0.1048871844,3.377499683,137,-1621.517947,Bull,2
2023-08-17,426.1078557,426.3686328,420.8824385,421.4040222,95711300,-0.00761998408,-0.007649164489,0.100379149,0.02242065463,-0.04696480278,2,Bull,2,3.671046175e-11,0.04385005968,0.9561499403,1.223728798e-11,0.01467379077,0.9853262092,0.0005984100674,0.1627633111,0.1205453239,1.35022501,184,-1674.827717,Bull,2
2023-09-15,433.4072235,433.7367777,429.3168291,429.7529907,111848900,-0.01204829758,-0.01212146662,0.117267195,-0.001843605465,-0.02808301612,2,Bull,2,0.0001123938734,1.227391752e-16,0.9998876061,3.746463669e-05,0.01462624835,0.985336287,0.0005908407844,0.1605475013,0.129668475,1.238138271,227,-1724.572036,Neutral,1
2023-10-13,421.843607,423.0455436,416.6773176,418.2475586,95143100,-0.004980782271,-0.00499322771,0.1225680834,-0.02226063876,-0.05410336998,1,Neutral,1,2.238585531e-06,0.999986857,1.090444226e-05,3.821083187e-05,0.3479456389,0.6520161503,-0.0002090545741,-0.05131812009,0.1841424343,-0.2786870951,189,-1768.894632,Neutral,1
2023-11-10,422.589922,427.3878768,420.5059305,427.0776978,89462200,0.01560475133,0.01548424919,0.1621910572,-0.01587612847,-0.03413338163,1,Neutral,1,5.289688993e-07,0.9996278113,0.0003716596927,3.83871426e-05,0.6665382228,0.3334233901,3.698243535e-05,0.009363136159,0.1889202765,0.04956130877,205,-1808.898029,Bull,2
2023-12-11,445.5718283,447.9756722,445.3585838,447.801178,65002200,0.003889661787,0.003882116612,0.08419139435,0.03764831219,0,2,Bull,2,1.792983459e-19,1.212947504e-05,0.9999878705,9.225181433e-07,0.6665422659,0.3334568116,0.0006697440799,0.1838543434,0.1128763273,1.628812239,161,-1813.151425,Bull,2
2024-01-10,461.4607928,464.6626866,461.1785515,463.7965088,67310600,0.005655490521,0.005639558276,0.1087318963,0.04773595735,-0.000272664559,2,Bull,2,1.493538076e-19,1.084106265e-05,0.9999891589,1.763229664e-07,0.3332169273,0.6667828964,0.0009028426402,0.2554779608,0.1072965542,2.381045343,155,-1743.208512,Bull,2
2024-02-08,484.7595848,485.3532332,483.9420858,484.9736938,52343600,0.0004415596385,0.0004414621797,0.11080956,0.0332426833,0,2,Bull,2,4.525993155e-19,4.427481256e-06,0.9999955725,2.604171563e-19,9.13267298e-06,0.9999908673,0.001133101583,0.330482421,0.1072673571,3.080922564,169,-1662.333837,Bull,2
2024-03-08,501.6547157,504.3407461,497.4406673,498.0148621,86532500,-0.006002074617,-0.006020159467,0.124901323,0.03511602506,-0.006002074617,2,Bull,2,4.942269017e-19,2.027729901e-05,0.9999797227,3.653933416e-19,1.18486143e-05,0.9999881514,0.001334377632,0.399707328,0.1082341382,3.692987577,157,-1556.651706,Bull,2
2024-04-08,506.8155881,507.8210854,505.5855147,506.395752,48401800,0.0005593241801,0.0005591678166,0.0967283791,0.03076334216,-0.008506009704,2,Bull,2,1.641793547e-16,4.028455005e-06,0.9999959715,5.50420603e-17,9.57774509e-06,0.9999904223,0.001299043427,0.38729935,0.1069808167,3.620269145,176,-1465.668933,Neutral,1
2024-05-06,501.5439286,504.3359642,501.1046082,504.296936,47264700,0.0103269182,0.01027395986,0.1447127234,-0.005052145658,-0.01261537153,1,Neutral,1,2.235473744e-07,0.9999697897,2.998673325e-05,7.451579151e-08,0.3333313652,0.6666685603,0.0006365696313,0.1739986214,0.1522806408,1.142618132,194,-1451.2685,Bull,2
2024-06-04,513.9519822,516.5780735,512.4876203,515.8361206,34632700,0.00111797874,0.001117354267,0.07980636427,0.01754676634,-0.005589387788,2,Bull,2,8.296775226e-17,4.737415661e-05,0.9999526258,7.451579154e-08,0.3333403974,0.666659528,0.001093836474,0.317382471,0.1070919912,2.963643381,191,-1498.255717,Bull,2
2024-07-03,537.3819171,540.4572184,537.342763,540.0948486,32789900,0.004462631675,0.00445270366,0.06459414475,0.03431190957,0,2,Bull,2,1.931386784e-17,1.432987469e-06,0.999998567,7.451579149e-08,0.3333395323,0.6666603932,0.001279893665,0.3806207318,0.1027644991,3.703815375,210,-1534.625987,Neutral,1
2024-08-01,541.1819427,543.4345294,528.3127342,531.8189697,76428700,-0.01416091427,-0.01426213675,0.1568411457,0.02323601061,-0.03868199379,1,Neutral,1,8.923669035e-13,0.9999999993,6.867803678e-10,2.974897284e-13,0.3333496022,0.6666503978,0.0003637761087,0.0960048124,0.1412888606,0.6794931463,206,-1591.356577,Neutral,1
2024-08-29,548.762462,552.0630042,545.696964,546.8428345,38715200,8.963384074e-05,8.962982386e-05,0.1909534012,-0.001424895322,-0.01152479834,1,Neutral,1,4.651721849e-13,0.9999997263,2.737352451e-07,4.525194674e-13,0.6666670529,0.3333329471,0.0005966836297,0.1622575466,0.1507414938,1.076396038,189,-1595.711968,Bear,0
2024-09-27,563.2953598,564.1107043,560.3776161,561.4091187,42100900,-0.001450254606,-0.001451307243,0.1395501999,0.01434549827,-0.001450254606,1,Bear,0,0.9989456098,2.307822467e-06,0.001052082407,0.3329818699,0.6666673445,0.0003507856098,0.0004619830461,0.1234673235,0.1406624787,0.8777559202,238,-1656.466357,Bull,2
2024-10-25,571.2723714,574.1704478,567.9027646,568.8458252,47268200,-0.000345375349,-0.0003454350048,0.09523984517,0.02977599953,-0.009493903957,2,Bull,2,0.0001313401348,2.931861767e-10,0.9998686596,0.33302565,0.3333340115,0.3336403386,0.001386063014,0.4180573613,0.09840620613,4.248282479,193,-1796.351691,Neutral,1
2024-11-22,583.2085344,585.6547481,582.7075634,585.026001,38226400,0.003099593028,0.003094799193,0.1414749769,0.02181102973,-0.005427722798,1,Neutral,1,0.0001678916958,0.9981756007,0.001656507573,0.3330816139,0.3327259696,0.3341924165,0.0009507694484,0.2707330021,0.1182704482,2.289101007,150,-1896.690353,Bear,0
2024-12-23,582.440993,586.7879088,579.2571372,586.1866455,57635800,0.005988323764,0.005970465014,0.1355505968,0.02145649231,-0.01829267794,1,Bear,0,0.9995588177,0.0004024549248,3.872738665e-05,0.3332860165,0.332859352,0.3338546315,0.000490466914,0.13156051,0.1254117695,1.049028417,182,-1917.721289,Bull,2
2025-01-24,601.0904501,602.0466115,598.1234798,599.2767334,34604700,-0.002919278255,-0.002923547659,0.141128208,0.001702786147,-0.002919278255,1,Bull,2,0.0009596593935,6.01649072e-08,0.9990402804,0.3335621229,0.3328593719,0.3335785051,0.001921846113,0.6230469572,0.1082103534,5.757738864,116,-1972.253376,Bull,2
2025-02-24,593.4118133,594.4073811,587.9608572,588.6705933,50737200,-0.004550479994,-0.004560864945,0.1184492703,0.008742889823,-0.02564732797,1,Bull,2,0.09380407206,7.251994321e-06,0.906188676,0.364774183,0.000136589028,0.6350892279,0.001546255228,0.4764732686,0.109625367,4.346377866,143,-1969.086052,Bear,0
2025-03-24,564.3307537,568.6314887,563.737578,567.5736084,58766800,0.0179085552,0.01775008619,0.2129895861,-0.03036426992,-0.06056652355,0,Bear,0,1,1.948531564e-54,9.637665494e-25,0.3649212438,2.437386409e-06,0.6350763188,-0.0005782225251,-0.1355934495,0.1676598216,-0.8087414636,163,-1923.72004,Bear,0
2025-04-22,514.2449495,523.3011071,513.3057044,521.274353,75948100,0.02601782055,0.02568511555,0.5263547679,-0.05791491968,-0.1371998796,0,Bear,0,1,7.754066495e-130,2.915225404e-277,0.6979346907,2.41733144e-06,0.302062892,-0.0003628050857,-0.08737195639,0.29102425,-0.3002222543,89,-1486.469136,Bear,0
2025-05-20,586.3681289,587.31721,582.9176328,586.1307983,60614500,-0.003362335265,-0.003368000617,0.1497384874,0.01570985495,-0.02985113227,1,Bear,0,0.9997367681,0.0002631669962,6.487471965e-08,0.999912256,8.772233205e-05,2.162490655e-08,5.780371069e-05,0.01467314408,0.137169359,0.1069710042,190,-1361.590588,Bear,0
2025-06-18,591.6574896,594.4059506,589.7097855,590.6688232,76605000,-0.0001506357697,-0.0001506471164,0.133562177,0.04691228622,-0.02233990827,1,Bear,0,0.9998379044,1.160968795e-06,0.000160934593,0.9998582242,8.810932165e-05,5.366648925e-05,8.940874531e-05,0.02278674397,0.1345993666,0.1692930996,221,-1415.459721,Bull,2
2025-07-18,624.0069567,624.1755099,621.1908778,622.3014526,65621600,-0.00073251091,-0.0007327793272,0.07815365881,0.04244892548,-0.00073251091,2,Bull,2,1.020623555e-05,1.039338518e-13,0.9999897938,0.6665282929,8.810932169e-05,0.3333835977,0.001302043946,0.3883487263,0.09570516186,4.057761554,210,-1428.893663,Bull,2
2025-08-15,640.5566775,640.6558727,637.1158921,638.0281372,68592500,-0.002341289857,-0.002344034961,0.1070409874,0.03170169896,-0.002341289857,2,Bull,2,0.0003123868475,8.772940091e-12,0.9996876131,0.3333868325,3.869925574e-07,0.6666127805,0.001656214054,0.5179578951,0.09346161259,5.541931931,194,-1403.224682,Bull,2
2025-09-15,654.0918582,655.4800467,653.7943936,655.3511353,63772400,0.005323952421,0.005309830288,0.09055835596,0.02138510749,0,2,Bull,2,0.000345693245,9.88337033e-11,0.9996543067,0.0002227621094,3.590352575e-11,0.9997772379,0.001521475457,0.4672821547,0.09447601964,4.946039815,217,-1355.842827,Bear,0
2025-10-13,656.9095885,661.3642044,656.0345659,659.2860107,79560500,0.01534407469,0.0152275449,0.1288597269,0.02573321448,-0.01496042923,0,Bear,0,0.7562121501,0.01901081514,0.2247770348,0.2522900767,0.006336938416,0.7413729849,-0.000231833156,-0.05674814666,0.2436117915,-0.2329449913,174,-1525.785547,Bear,0
2025-11-10,673.4056154,678.3176487,671.2081668,677.5818481,75842900,0.01560434331,0.01548384743,0.120260458,0.01980779213,-0.008656030954,1,Bear,0,0.9917240221,4.0361941e-06,0.008271941671,0.5827606218,0.006338283811,0.4109010944,0.000274051468,0.07150153654,0.139828308,0.511352369,214,-1270.895423,Bear,0
2025-12-09,679.2822139,681.5095219,678.7253869,679.1727905,58310100,-0.0008630551776,-0.0008634278242,0.1272775303,0.005405583833,-0.006328384279,1,Bear,0,0.9997382232,9.879606753e-06,0.0002518972148,0.9158914651,0.00634157698,0.07776695789,7.232754062e-05,0.0183936574,0.1406426568,0.1307829205,210,-1264.326241,Bull,2
2026-01-08,686.9439569,688.7390423,685.6175622,687.6320801,64019200,-0.000101532682,-0.0001015378368,0.09375612881,0.01118975517,-0.003324562198,2,Bull,2,0.000728051934,1.577502829e-09,0.9992719465,0.6640634324,4.639126119e-06,0.3359319285,0.001510930715,0.4633883584,0.08913755205,5.198576219,235,-1294.225988,Bear,0
2026-02-06,679.6039887,690.4244132,678.9956039,688.7390137,89127600,0.01918471184,0.01900300557,0.1341961607,0.01142586379,-0.007002278185,1,Bear,0,0.9996760873,3.226794359e-05,0.0002916447404,0.6667141208,1.404970928e-05,0.3332718295,-0.0001915830485,-0.04713203177,0.1483132094,-0.3177871477,210,-1313.49322,Bear,0
2026-03-09,664.5750802,678.0681991,660.5859743,676.4227295,102667700,0.008760025013,0.008721878608,0.1172023146,-0.001940760354,-0.02475942841,2,Bear,0,0.9999217755,7.82209825e-05,3.506099284e-09,0.6667753049,3.683016786e-05,0.3331878649,-0.0002294275585,-0.05617616408,0.1456156467,-0.385783845,228,-1321.403927,Neutral,1
2026-04-07,656.6500244,659.6099854,651.0599976,659.2199707,69980400,0.0004400741058,0.0004399773016,0.1799850079,-0.02932730299,-0.04956171193,0,Neutral,1,6.331409854e-05,0.9999366859,1.034007804e-45,0.6665537256,0.3333490583,9.721608218e-05,0.000868393575,0.2446261216,0.3088231568,0.7921236354,81,-1383.800848,Bull,2
2026-05-05,721.7700195,725.039978,721.4899902,723.7700195,36933200,0.008022185885,0.007990179214,0.1216768442,0.03331672663,0,2,Bull,2,0.01565584915,4.525995741e-08,0.9843441056,0.3385469796,0.3333383174,0.328114703,0.001559247803,0.4813153547,0.0758709715,6.343867031,185,-1405.942498,Bull,2
2026-05-15,741.789978,743.460022,737.960022,739.1699829,60290000,-0.01202935189,-0.01210229007,0.1072558672,0.04962279026,-0.01202935189,2,Bull,2,0.1577866469,6.807415748e-09,0.8422133463,0.05783527005,0.333312246,0.608852484,0.001603705006,0.498004159,0.07829850124,6.360328117,193,-1391.623528,,
